{"frames":[
 {"filename":"idle_00","frame":{"x":1,"y":2,"w":31,"h":49},"rotated":false,"trimmed":false,"spriteSourceSize":{"x":0,"y":0,"w":31,"h":49},"sourceSize":{"w":31,"h":49}},
 {"filename":"idle_05","frame":{"x":181,"y":2,"w":31,"h":49},"rotated":false,"trimmed":false,"spriteSourceSize":{"x":0,"y":0,"w":31,"h":49},"sourceSize":{"w":31,"h":49}},
 {"filename":"idle_06","frame":{"x":217,"y":2,"w":31,"h":49},"rotated":false,"trimmed":false,"spriteSourceSize":{"x":0,"y":0,"w":31,"h":49},"sourceSize":{"w":31,"h":49}},
 {"filename":"idle_01","frame":{"x":37,"y":2,"w":31,"h":49},"rotated":false,"trimmed":false,"spriteSourceSize":{"x":0,"y":0,"w":31,"h":48},"sourceSize":{"w":31,"h":48}},
 {"filename":"idle_04","frame":{"x":145,"y":2,"w":31,"h":49},"rotated":false,"trimmed":false,"spriteSourceSize":{"x":0,"y":0,"w":31,"h":48},"sourceSize":{"w":31,"h":48}},
 {"filename":"idle_02","frame":{"x":73,"y":2,"w":31,"h":49},"rotated":false,"trimmed":false,"spriteSourceSize":{"x":0,"y":0,"w":31,"h":47},"sourceSize":{"w":31,"h":47}},
 {"filename":"idle_03","frame":{"x":109,"y":2,"w":31,"h":49},"rotated":false,"trimmed":false,"spriteSourceSize":{"x":0,"y":0,"w":31,"h":47},"sourceSize":{"w":31,"h":47}},
 {"filename":"walk_04","frame":{"x":116,"y":56,"w":28,"h":50},"rotated":false,"trimmed":false,"spriteSourceSize":{"x":0,"y":0,"w":28,"h":50},"sourceSize":{"w":28,"h":50}},
 {"filename":"walk_09","frame":{"x":290,"y":56,"w":23,"h":50},"rotated":false,"trimmed":false,"spriteSourceSize":{"x":0,"y":0,"w":23,"h":50},"sourceSize":{"w":23,"h":50}},
 {"filename":"walk_00","frame":{"x":1,"y":57,"w":25,"h":49},"rotated":false,"trimmed":false,"spriteSourceSize":{"x":0,"y":0,"w":25,"h":49},"sourceSize":{"w":25,"h":49}},
 {"filename":"walk_05","frame":{"x":149,"y":57,"w":34,"h":49},"rotated":false,"trimmed":false,"spriteSourceSize":{"x":0,"y":0,"w":34,"h":49},"sourceSize":{"w":34,"h":49}},
 {"filename":"walk_01","frame":{"x":31,"y":59,"w":24,"h":47},"rotated":false,"trimmed":false,"spriteSourceSize":{"x":0,"y":0,"w":24,"h":47},"sourceSize":{"w":24,"h":47}},
 {"filename":"walk_03","frame":{"x":88,"y":59,"w":23,"h":47},"rotated":false,"trimmed":false,"spriteSourceSize":{"x":0,"y":0,"w":23,"h":47},"sourceSize":{"w":23,"h":47}},
 {"filename":"walk_06","frame":{"x":188,"y":59,"w":35,"h":47},"rotated":false,"trimmed":false,"spriteSourceSize":{"x":0,"y":0,"w":35,"h":47},"sourceSize":{"w":35,"h":47}},
 {"filename":"walk_07","frame":{"x":228,"y":60,"w":30,"h":46},"rotated":false,"trimmed":false,"spriteSourceSize":{"x":0,"y":0,"w":30,"h":46},"sourceSize":{"w":30,"h":46}},
 {"filename":"walk_08","frame":{"x":263,"y":60,"w":22,"h":46},"rotated":false,"trimmed":false,"spriteSourceSize":{"x":0,"y":0,"w":22,"h":46},"sourceSize":{"w":22,"h":46}},
 {"filename":"walk_02","frame":{"x":60,"y":61,"w":23,"h":45},"rotated":false,"trimmed":false,"spriteSourceSize":{"x":0,"y":0,"w":23,"h":45},"sourceSize":{"w":23,"h":45}},
 {"filename":"run_01","frame":{"x":29,"y":111,"w":29,"h":51},"rotated":false,"trimmed":false,"spriteSourceSize":{"x":0,"y":0,"w":29,"h":51},"sourceSize":{"w":29,"h":51}},
 {"filename":"run_06","frame":{"x":204,"y":112,"w":29,"h":50},"rotated":false,"trimmed":false,"spriteSourceSize":{"x":0,"y":0,"w":29,"h":50},"sourceSize":{"w":29,"h":50}},
 {"filename":"run_02","frame":{"x":63,"y":113,"w":34,"h":49},"rotated":false,"trimmed":false,"spriteSourceSize":{"x":0,"y":0,"w":34,"h":49},"sourceSize":{"w":34,"h":49}},
 {"filename":"run_07","frame":{"x":238,"y":113,"w":33,"h":49},"rotated":false,"trimmed":false,"spriteSourceSize":{"x":0,"y":0,"w":33,"h":49},"sourceSize":{"w":33,"h":49}},
 {"filename":"run_00","frame":{"x":1,"y":114,"w":23,"h":48},"rotated":false,"trimmed":false,"spriteSourceSize":{"x":0,"y":0,"w":23,"h":48},"sourceSize":{"w":23,"h":48}},
 {"filename":"run_03","frame":{"x":102,"y":114,"w":37,"h":48},"rotated":false,"trimmed":false,"spriteSourceSize":{"x":0,"y":0,"w":37,"h":48},"sourceSize":{"w":37,"h":48}},
 {"filename":"run_05","frame":{"x":177,"y":114,"w":22,"h":48},"rotated":false,"trimmed":false,"spriteSourceSize":{"x":0,"y":0,"w":22,"h":48},"sourceSize":{"w":22,"h":48}},
 {"filename":"run_08","frame":{"x":276,"y":114,"w":34,"h":48},"rotated":false,"trimmed":false,"spriteSourceSize":{"x":0,"y":0,"w":34,"h":48},"sourceSize":{"w":34,"h":48}},
 {"filename":"run_04","frame":{"x":144,"y":116,"w":28,"h":46},"rotated":false,"trimmed":false,"spriteSourceSize":{"x":0,"y":0,"w":28,"h":46},"sourceSize":{"w":28,"h":46}},
 {"filename":"sprite27","frame":{"x":471,"y":135,"w":2,"h":1},"rotated":false,"trimmed":false,"spriteSourceSize":{"x":0,"y":0,"w":2,"h":1},"sourceSize":{"w":2,"h":1}},
 {"filename":"jump_00","frame":{"x":1,"y":167,"w":29,"h":50},"rotated":false,"trimmed":false,"spriteSourceSize":{"x":0,"y":0,"w":29,"h":50},"sourceSize":{"w":29,"h":50}},
 {"filename":"jump_01","frame":{"x":35,"y":168,"w":31,"h":49},"rotated":false,"trimmed":false,"spriteSourceSize":{"x":0,"y":0,"w":31,"h":49},"sourceSize":{"w":31,"h":49}},
 {"filename":"jump_02","frame":{"x":71,"y":168,"w":30,"h":49},"rotated":false,"trimmed":false,"spriteSourceSize":{"x":0,"y":0,"w":30,"h":49},"sourceSize":{"w":30,"h":49}},
 {"filename":"jump_03","frame":{"x":106,"y":168,"w":36,"h":49},"rotated":false,"trimmed":false,"spriteSourceSize":{"x":0,"y":0,"w":36,"h":49},"sourceSize":{"w":36,"h":49}},
 {"filename":"jump_04","frame":{"x":147,"y":168,"w":40,"h":49},"rotated":false,"trimmed":false,"spriteSourceSize":{"x":0,"y":0,"w":40,"h":49},"sourceSize":{"w":40,"h":49}},
 {"filename":"fall_00","frame":{"x":1,"y":222,"w":30,"h":49},"rotated":false,"trimmed":false,"spriteSourceSize":{"x":0,"y":0,"w":30,"h":49},"sourceSize":{"w":30,"h":49}},
 {"filename":"fall_01","frame":{"x":36,"y":227,"w":39,"h":44},"rotated":false,"trimmed":false,"spriteSourceSize":{"x":0,"y":0,"w":39,"h":44},"sourceSize":{"w":39,"h":44}}],"meta":{"app":"http://www.leshylabs.com/apps/sstool/","version":"Leshy SpriteSheet Tool v0.8","size":{"w":474,"h":273},"scale":1}}