{"frames":[{"filename":"jump_00","frame":{"x":0,"y":0,"w":52,"h":20},"rotated":false,"trimmed":false,"spriteSourceSize":{"x":0,"y":0,"w":52,"h":20},"sourceSize":{"w":52,"h":20}},{"filename":"sprite58","frame":{"x":61,"y":0,"w":1,"h":2},"rotated":false,"trimmed":false,"spriteSourceSize":{"x":0,"y":0,"w":1,"h":2},"sourceSize":{"w":1,"h":2}},{"filename":"idle_01","frame":{"x":53,"y":0,"w":35,"h":23},"rotated":false,"trimmed":false,"spriteSourceSize":{"x":0,"y":0,"w":35,"h":23},"sourceSize":{"w":35,"h":23}},{"filename":"idle_05","frame":{"x":125,"y":0,"w":35,"h":20},"rotated":false,"trimmed":false,"spriteSourceSize":{"x":0,"y":0,"w":35,"h":20},"sourceSize":{"w":35,"h":20}},{"filename":"jump_01","frame":{"x":0,"y":21,"w":52,"h":20},"rotated":false,"trimmed":false,"spriteSourceSize":{"x":0,"y":0,"w":52,"h":20},"sourceSize":{"w":52,"h":20}},{"filename":"idle_02","frame":{"x":53,"y":24,"w":35,"h":23},"rotated":false,"trimmed":false,"spriteSourceSize":{"x":0,"y":0,"w":35,"h":23},"sourceSize":{"w":35,"h":23}},{"filename":"jump_02","frame":{"x":0,"y":42,"w":52,"h":20},"rotated":false,"trimmed":false,"spriteSourceSize":{"x":0,"y":0,"w":52,"h":20},"sourceSize":{"w":52,"h":20}},{"filename":"jump_03","frame":{"x":0,"y":63,"w":52,"h":20},"rotated":false,"trimmed":false,"spriteSourceSize":{"x":0,"y":0,"w":52,"h":20},"sourceSize":{"w":52,"h":20}},{"filename":"run_00","frame":{"x":89,"y":66,"w":35,"h":20},"rotated":false,"trimmed":false,"spriteSourceSize":{"x":0,"y":0,"w":35,"h":20},"sourceSize":{"w":35,"h":20}},{"filename":"jump_04","frame":{"x":0,"y":84,"w":52,"h":20},"rotated":false,"trimmed":false,"spriteSourceSize":{"x":0,"y":0,"w":52,"h":20},"sourceSize":{"w":52,"h":20}},{"filename":"run_01","frame":{"x":0,"y":105,"w":36,"h":20},"rotated":false,"trimmed":false,"spriteSourceSize":{"x":0,"y":0,"w":36,"h":20},"sourceSize":{"w":36,"h":20}},{"filename":"run_03","frame":{"x":74,"y":105,"w":35,"h":20},"rotated":false,"trimmed":false,"spriteSourceSize":{"x":0,"y":0,"w":35,"h":20},"sourceSize":{"w":35,"h":20}},{"filename":"run_02","frame":{"x":125,"y":105,"w":34,"h":20},"rotated":false,"trimmed":false,"spriteSourceSize":{"x":0,"y":0,"w":34,"h":20},"sourceSize":{"w":34,"h":20}},{"filename":"idle_00","frame":{"x":0,"y":126,"w":35,"h":20},"rotated":false,"trimmed":false,"spriteSourceSize":{"x":0,"y":0,"w":35,"h":20},"sourceSize":{"w":35,"h":20}},{"filename":"idle_03","frame":{"x":36,"y":126,"w":35,"h":20},"rotated":false,"trimmed":false,"spriteSourceSize":{"x":0,"y":0,"w":35,"h":20},"sourceSize":{"w":35,"h":20}},{"filename":"idle_04","frame":{"x":72,"y":126,"w":35,"h":20},"rotated":false,"trimmed":false,"spriteSourceSize":{"x":0,"y":0,"w":35,"h":20},"sourceSize":{"w":35,"h":20}},{"filename":"run_04","frame":{"x":125,"y":126,"w":34,"h":20},"rotated":false,"trimmed":false,"spriteSourceSize":{"x":0,"y":0,"w":34,"h":20},"sourceSize":{"w":34,"h":20}},{"filename":"run_05","frame":{"x":0,"y":147,"w":34,"h":20},"rotated":false,"trimmed":false,"spriteSourceSize":{"x":0,"y":0,"w":34,"h":20},"sourceSize":{"w":34,"h":20}}],"meta":{"app":"http://www.leshylabs.com/apps/sstool/","version":"Leshy SpriteSheet Tool v0.8.1","size":{"w":160,"h":167},"scale":1}}