{"frames":[{"filename":"sprite1","frame":{"x":298,"y":3,"w":1,"h":1},"rotated":false,"trimmed":false,"spriteSourceSize":{"x":0,"y":0,"w":1,"h":1},"sourceSize":{"w":1,"h":1}},{"filename":"sprite2","frame":{"x":306,"y":3,"w":1,"h":1},"rotated":false,"trimmed":false,"spriteSourceSize":{"x":0,"y":0,"w":1,"h":1},"sourceSize":{"w":1,"h":1}},{"filename":"sprite3","frame":{"x":23,"y":4,"w":1,"h":1},"rotated":false,"trimmed":false,"spriteSourceSize":{"x":0,"y":0,"w":1,"h":1},"sourceSize":{"w":1,"h":1}},{"filename":"sprite4","frame":{"x":25,"y":4,"w":2,"h":1},"rotated":false,"trimmed":false,"spriteSourceSize":{"x":0,"y":0,"w":2,"h":1},"sourceSize":{"w":2,"h":1}},{"filename":"sprite5","frame":{"x":298,"y":6,"w":1,"h":1},"rotated":false,"trimmed":false,"spriteSourceSize":{"x":0,"y":0,"w":1,"h":1},"sourceSize":{"w":1,"h":1}},{"filename":"sprite6","frame":{"x":300,"y":6,"w":1,"h":1},"rotated":false,"trimmed":false,"spriteSourceSize":{"x":0,"y":0,"w":1,"h":1},"sourceSize":{"w":1,"h":1}},{"filename":"sprite7","frame":{"x":341,"y":11,"w":26,"h":19},"rotated":false,"trimmed":false,"spriteSourceSize":{"x":0,"y":0,"w":26,"h":19},"sourceSize":{"w":26,"h":19}},{"filename":"walk_00","frame":{"x":50,"y":12,"w":36,"h":20},"rotated":false,"trimmed":false,"spriteSourceSize":{"x":0,"y":0,"w":36,"h":20},"sourceSize":{"w":36,"h":20}},{"filename":"walk_01","frame":{"x":96,"y":12,"w":34,"h":20},"rotated":false,"trimmed":false,"spriteSourceSize":{"x":0,"y":0,"w":34,"h":20},"sourceSize":{"w":34,"h":20}},{"filename":"walk_02","frame":{"x":138,"y":12,"w":35,"h":20},"rotated":false,"trimmed":false,"spriteSourceSize":{"x":0,"y":0,"w":35,"h":20},"sourceSize":{"w":35,"h":20}},{"filename":"walk_03","frame":{"x":181,"y":12,"w":34,"h":20},"rotated":false,"trimmed":false,"spriteSourceSize":{"x":0,"y":0,"w":34,"h":20},"sourceSize":{"w":34,"h":20}},{"filename":"walk_04","frame":{"x":220,"y":12,"w":34,"h":20},"rotated":false,"trimmed":false,"spriteSourceSize":{"x":0,"y":0,"w":34,"h":20},"sourceSize":{"w":34,"h":20}},{"filename":"sprite13","frame":{"x":268,"y":12,"w":26,"h":18},"rotated":false,"trimmed":false,"spriteSourceSize":{"x":0,"y":0,"w":26,"h":18},"sourceSize":{"w":26,"h":18}},{"filename":"sprite14","frame":{"x":308,"y":12,"w":26,"h":19},"rotated":false,"trimmed":false,"spriteSourceSize":{"x":0,"y":0,"w":26,"h":19},"sourceSize":{"w":26,"h":19}},{"filename":"idle_0","frame":{"x":3,"y":13,"w":35,"h":20},"rotated":false,"trimmed":false,"spriteSourceSize":{"x":0,"y":0,"w":35,"h":20},"sourceSize":{"w":35,"h":20}},{"filename":"sprite16","frame":{"x":23,"y":41,"w":2,"h":5},"rotated":false,"trimmed":false,"spriteSourceSize":{"x":0,"y":0,"w":2,"h":5},"sourceSize":{"w":2,"h":5}},{"filename":"sprite17","frame":{"x":26,"y":41,"w":2,"h":3},"rotated":false,"trimmed":false,"spriteSourceSize":{"x":0,"y":0,"w":2,"h":3},"sourceSize":{"w":2,"h":3}},{"filename":"sprite18","frame":{"x":9,"y":43,"w":13,"h":4},"rotated":false,"trimmed":false,"spriteSourceSize":{"x":0,"y":0,"w":13,"h":4},"sourceSize":{"w":13,"h":4}},{"filename":"sprite19","frame":{"x":105,"y":43,"w":1,"h":3},"rotated":false,"trimmed":false,"spriteSourceSize":{"x":0,"y":0,"w":1,"h":3},"sourceSize":{"w":1,"h":3}},{"filename":"sprite20","frame":{"x":107,"y":43,"w":2,"h":3},"rotated":false,"trimmed":false,"spriteSourceSize":{"x":0,"y":0,"w":2,"h":3},"sourceSize":{"w":2,"h":3}},{"filename":"run_00","frame":{"x":5,"y":51,"w":52,"h":20},"rotated":false,"trimmed":false,"spriteSourceSize":{"x":0,"y":0,"w":52,"h":20},"sourceSize":{"w":52,"h":20}},{"filename":"run_01","frame":{"x":66,"y":51,"w":52,"h":20},"rotated":false,"trimmed":false,"spriteSourceSize":{"x":0,"y":0,"w":52,"h":20},"sourceSize":{"w":52,"h":20}},{"filename":"run_02","frame":{"x":126,"y":51,"w":52,"h":20},"rotated":false,"trimmed":false,"spriteSourceSize":{"x":0,"y":0,"w":52,"h":20},"sourceSize":{"w":52,"h":20}},{"filename":"run_03","frame":{"x":189,"y":51,"w":52,"h":20},"rotated":false,"trimmed":false,"spriteSourceSize":{"x":0,"y":0,"w":52,"h":20},"sourceSize":{"w":52,"h":20}},{"filename":"run_04","frame":{"x":247,"y":51,"w":52,"h":20},"rotated":false,"trimmed":false,"spriteSourceSize":{"x":0,"y":0,"w":52,"h":20},"sourceSize":{"w":52,"h":20}},{"filename":"sprite26","frame":{"x":12,"y":82,"w":2,"h":6},"rotated":false,"trimmed":false,"spriteSourceSize":{"x":0,"y":0,"w":2,"h":6},"sourceSize":{"w":2,"h":6}},{"filename":"sprite27","frame":{"x":39,"y":82,"w":2,"h":1},"rotated":false,"trimmed":false,"spriteSourceSize":{"x":0,"y":0,"w":2,"h":1},"sourceSize":{"w":2,"h":1}},{"filename":"sprite28","frame":{"x":56,"y":83,"w":1,"h":1},"rotated":false,"trimmed":false,"spriteSourceSize":{"x":0,"y":0,"w":1,"h":1},"sourceSize":{"w":1,"h":1}},{"filename":"sprite29","frame":{"x":15,"y":84,"w":11,"h":4},"rotated":false,"trimmed":false,"spriteSourceSize":{"x":0,"y":0,"w":11,"h":4},"sourceSize":{"w":11,"h":4}},{"filename":"sprite30","frame":{"x":27,"y":84,"w":7,"h":2},"rotated":false,"trimmed":false,"spriteSourceSize":{"x":0,"y":0,"w":7,"h":2},"sourceSize":{"w":7,"h":2}},{"filename":"sprite31","frame":{"x":35,"y":84,"w":4,"h":2},"rotated":false,"trimmed":false,"spriteSourceSize":{"x":0,"y":0,"w":4,"h":2},"sourceSize":{"w":4,"h":2}},{"filename":"sprite32","frame":{"x":40,"y":84,"w":1,"h":1},"rotated":false,"trimmed":false,"spriteSourceSize":{"x":0,"y":0,"w":1,"h":1},"sourceSize":{"w":1,"h":1}},{"filename":"sprite33","frame":{"x":46,"y":87,"w":1,"h":2},"rotated":false,"trimmed":false,"spriteSourceSize":{"x":0,"y":0,"w":1,"h":2},"sourceSize":{"w":1,"h":2}},{"filename":"sprite34","frame":{"x":38,"y":87,"w":35,"h":23},"rotated":false,"trimmed":false,"spriteSourceSize":{"x":0,"y":0,"w":35,"h":23},"sourceSize":{"w":35,"h":23}},{"filename":"sprite35","frame":{"x":75,"y":87,"w":35,"h":23},"rotated":false,"trimmed":false,"spriteSourceSize":{"x":0,"y":0,"w":35,"h":23},"sourceSize":{"w":35,"h":23}},{"filename":"sprite36","frame":{"x":2,"y":90,"w":35,"h":20},"rotated":false,"trimmed":false,"spriteSourceSize":{"x":0,"y":0,"w":35,"h":20},"sourceSize":{"w":35,"h":20}},{"filename":"sprite37","frame":{"x":111,"y":90,"w":35,"h":20},"rotated":false,"trimmed":false,"spriteSourceSize":{"x":0,"y":0,"w":35,"h":20},"sourceSize":{"w":35,"h":20}},{"filename":"sprite38","frame":{"x":148,"y":90,"w":35,"h":20},"rotated":false,"trimmed":false,"spriteSourceSize":{"x":0,"y":0,"w":35,"h":20},"sourceSize":{"w":35,"h":20}},{"filename":"sprite39","frame":{"x":184,"y":90,"w":35,"h":20},"rotated":false,"trimmed":false,"spriteSourceSize":{"x":0,"y":0,"w":35,"h":20},"sourceSize":{"w":35,"h":20}},{"filename":"sprite40","frame":{"x":10,"y":121,"w":2,"h":3},"rotated":false,"trimmed":false,"spriteSourceSize":{"x":0,"y":0,"w":2,"h":3},"sourceSize":{"w":2,"h":3}},{"filename":"sprite41","frame":{"x":13,"y":121,"w":2,"h":1},"rotated":false,"trimmed":false,"spriteSourceSize":{"x":0,"y":0,"w":2,"h":1},"sourceSize":{"w":2,"h":1}},{"filename":"sprite42","frame":{"x":20,"y":121,"w":3,"h":3},"rotated":false,"trimmed":false,"spriteSourceSize":{"x":0,"y":0,"w":3,"h":3},"sourceSize":{"w":3,"h":3}},{"filename":"sprite43","frame":{"x":26,"y":121,"w":2,"h":1},"rotated":false,"trimmed":false,"spriteSourceSize":{"x":0,"y":0,"w":2,"h":1},"sourceSize":{"w":2,"h":1}},{"filename":"sprite44","frame":{"x":14,"y":123,"w":1,"h":1},"rotated":false,"trimmed":false,"spriteSourceSize":{"x":0,"y":0,"w":1,"h":1},"sourceSize":{"w":1,"h":1}},{"filename":"sprite45","frame":{"x":18,"y":123,"w":1,"h":1},"rotated":false,"trimmed":false,"spriteSourceSize":{"x":0,"y":0,"w":1,"h":1},"sourceSize":{"w":1,"h":1}},{"filename":"sprite46","frame":{"x":29,"y":125,"w":2,"h":3},"rotated":false,"trimmed":false,"spriteSourceSize":{"x":0,"y":0,"w":2,"h":3},"sourceSize":{"w":2,"h":3}},{"filename":"sprite47","frame":{"x":33,"y":125,"w":7,"h":5},"rotated":false,"trimmed":false,"spriteSourceSize":{"x":0,"y":0,"w":7,"h":5},"sourceSize":{"w":7,"h":5}},{"filename":"sprite48","frame":{"x":17,"y":126,"w":11,"h":2},"rotated":false,"trimmed":false,"spriteSourceSize":{"x":0,"y":0,"w":11,"h":2},"sourceSize":{"w":11,"h":2}},{"filename":"sprite49","frame":{"x":0,"y":129,"w":35,"h":21},"rotated":false,"trimmed":false,"spriteSourceSize":{"x":0,"y":0,"w":35,"h":21},"sourceSize":{"w":35,"h":21}},{"filename":"sprite50","frame":{"x":36,"y":130,"w":35,"h":21},"rotated":false,"trimmed":false,"spriteSourceSize":{"x":0,"y":0,"w":35,"h":21},"sourceSize":{"w":35,"h":21}},{"filename":"sprite51","frame":{"x":72,"y":130,"w":35,"h":21},"rotated":false,"trimmed":false,"spriteSourceSize":{"x":0,"y":0,"w":35,"h":21},"sourceSize":{"w":35,"h":21}},{"filename":"sprite52","frame":{"x":108,"y":130,"w":35,"h":20},"rotated":false,"trimmed":false,"spriteSourceSize":{"x":0,"y":0,"w":35,"h":20},"sourceSize":{"w":35,"h":20}},{"filename":"sprite53","frame":{"x":144,"y":130,"w":35,"h":20},"rotated":false,"trimmed":false,"spriteSourceSize":{"x":0,"y":0,"w":35,"h":20},"sourceSize":{"w":35,"h":20}},{"filename":"sprite54","frame":{"x":180,"y":130,"w":35,"h":20},"rotated":false,"trimmed":false,"spriteSourceSize":{"x":0,"y":0,"w":35,"h":20},"sourceSize":{"w":35,"h":20}},{"filename":"sprite55","frame":{"x":216,"y":130,"w":35,"h":21},"rotated":false,"trimmed":false,"spriteSourceSize":{"x":0,"y":0,"w":35,"h":21},"sourceSize":{"w":35,"h":21}},{"filename":"sprite56","frame":{"x":253,"y":130,"w":35,"h":21},"rotated":false,"trimmed":false,"spriteSourceSize":{"x":0,"y":0,"w":35,"h":21},"sourceSize":{"w":35,"h":21}},{"filename":"sprite57","frame":{"x":2,"y":169,"w":35,"h":20},"rotated":false,"trimmed":false,"spriteSourceSize":{"x":0,"y":0,"w":35,"h":20},"sourceSize":{"w":35,"h":20}},{"filename":"sprite58","frame":{"x":62,"y":172,"w":36,"h":20},"rotated":false,"trimmed":false,"spriteSourceSize":{"x":0,"y":0,"w":36,"h":20},"sourceSize":{"w":36,"h":20}}],"meta":{"app":"http://www.leshylabs.com/apps/sstool/","version":"Leshy SpriteSheet Tool v0.8","size":{"w":374,"h":208},"scale":1}}