{"frames":[
{	
	"filename":"sprite1",
	"frame":{"x":0,"y":0,"w":17,"h":17},
	"rotated":false,
	"trimmed":false,
	"spriteSourceSize":{"x":0,"y":0,"w":17,"h":17},
	"sourceSize":{"w":17,"h":17}
},
{
	"filename":"sprite2",
	"frame":{"x":0,"y":18,"w":17,"h":17},
	"rotated":false,
	"trimmed":false,
	"spriteSourceSize":{"x":0,"y":0,"w":17,"h":17},
	"sourceSize":{"w":17,"h":17}
},
{
	"filename":"sprite3",
	"frame":{"x":18,"y":0,"w":17,"h":17},
	"rotated":false,
	"trimmed":false,
	"spriteSourceSize":{"x":0,"y":0,"w":17,"h":17},
	"sourceSize":{"w":17,"h":17}
},

{	
	"filename":"sprite4",
	"frame":{"x":18,"y":18,"w":17,"h":17},
	"rotated":false,"trimmed":false,
	"spriteSourceSize":{"x":0,"y":0,"w":17,"h":17},
	"sourceSize":{"w":17,"h":17}
},
{
	"filename":"sprite5",
	"frame":{"x":0,"y":36,"w":17,"h":17},
	"rotated":false,
	"trimmed":false,
	"spriteSourceSize":{"x":0,"y":0,"w":17,"h":17},
	"sourceSize":{"w":17,"h":17}
},
{
	"filename":"sprite6",
	"frame":{"x":18,"y":36,"w":17,"h":17},
	"rotated":false,
	"trimmed":false,
	"spriteSourceSize":{"x":0,"y":0,"w":17,"h":17},
	"sourceSize":{"w":17,"h":17}
}
],
"meta":{
	"app":"http://www.leshylabs.com/apps/sstool/",
	"version":"Leshy SpriteSheet Tool v0.8",
	"size":{"w":35,"h":53},
	"scale":1
	}
}