{"frames": [

{
	"filename": "run00", 
	"frame": {"x":34,"y":128,"w":56,"h":60},
	"rotated": false,
	"trimmed": true,
	"spriteSourceSize": {"x":0,"y":2,"w":56,"h":60},
	"sourceSize": {"w":56,"h":64}
},
{
	"filename": "run01",
	"frame": {"x":54,"y":0,"w":56,"h":58},
	"rotated": false,
	"trimmed": true,
	"spriteSourceSize": {"x":0,"y":3,"w":56,"h":58},
	"sourceSize": {"w":56,"h":64}
},
{
	"filename": "run02",
	"frame": {"x":54,"y":58,"w":56,"h":58},
	"rotated": false,
	"trimmed": true,
	"spriteSourceSize": {"x":0,"y":3,"w":56,"h":58},
	"sourceSize": {"w":56,"h":64}
},
{
	"filename": "run03",
	"frame": {"x":0,"y":192,"w":34,"h":64},
	"rotated": false,
	"trimmed": true,
	"spriteSourceSize": {"x":11,"y":0,"w":34,"h":64},
	"sourceSize": {"w":56,"h":64}
},
{
	"filename": "run04",
	"frame": {"x":0,"y":64,"w":54,"h":64},
	"rotated": false,
	"trimmed": true,
	"spriteSourceSize": {"x":1,"y":0,"w":54,"h":64},
	"sourceSize": {"w":56,"h":64}
},
{
	"filename": "run05",
	"frame": {"x":196,"y":0,"w":56,"h":58},
	"rotated": false,
	"trimmed": true,
	"spriteSourceSize": {"x":0,"y":3,"w":56,"h":58},
	"sourceSize": {"w":56,"h":64}
},
{
	"filename": "run06",
	"frame": {"x":0,"y":0,"w":54,"h":64},
	"rotated": false,
	"trimmed": true,
	"spriteSourceSize": {"x":1,"y":0,"w":54,"h":64},
	"sourceSize": {"w":56,"h":64}
},
{
	"filename": "run07",
	"frame": {"x":140,"y":0,"w":56,"h":58},
	"rotated": false,
	"trimmed": true,
	"spriteSourceSize": {"x":0,"y":3,"w":56,"h":58},
	"sourceSize": {"w":56,"h":64}
},
{
	"filename": "run08",
	"frame": {"x":34,"y":188,"w":50,"h":60},
	"rotated": false,
	"trimmed": true,
	"spriteSourceSize": {"x":3,"y":2,"w":50,"h":60},
	"sourceSize": {"w":56,"h":64}
},
{
	"filename": "run09",
	"frame": {"x":0,"y":128,"w":34,"h":64},
	"rotated": false,
	"trimmed": true,
	"spriteSourceSize": {"x":11,"y":0,"w":34,"h":64},
	"sourceSize": {"w":56,"h":64}
},
{
	"filename": "run10",
	"frame": {"x":84,"y":188,"w":56,"h":58},
	"rotated": false,
	"trimmed": true,
	"spriteSourceSize": {"x":0,"y":3,"w":56,"h":58},
	"sourceSize": {"w":56,"h":64}
}],
"meta": {
	"app": "http://www.texturepacker.com",
	"version": "1.0",
	"image": "running_bot.png",
	"format": "RGBA8888",
	"size": {"w":252,"h":256},
	"scale": "0.2",
	"smartupdate": "$TexturePacker:SmartUpdate:fb56f261b1eb04e3215824426595f64c$"
}
}