{ "height":19,
 "layers":[
        {
         "data":[1, 1, 1, 1, 2, 1, 1, 1, 1, 1, 11, 1, 1, 9, 13, 1, 1, 1, 1, 11, 1, 1, 1, 1, 1, 1, 5, 12, 1, 1, 1, 2, 1, 3, 1, 1, 8, 1, 1, 1, 1, 1, 8, 1, 1, 1, 1, 9, 1, 13, 1, 1, 8, 1, 1, 1, 5, 1, 1, 6, 1, 1, 1, 9, 1, 4, 1, 1, 1, 3, 1, 13, 1, 1, 1, 1, 1, 1, 2, 1, 1, 1, 1, 1, 1, 1, 1, 10, 1, 1, 1, 1, 1, 6, 1, 1, 1, 8, 1, 1, 1, 7, 1, 4, 1, 1, 9, 1, 12, 12, 1, 6, 1, 9, 1, 1, 11, 8, 1, 1, 1, 1, 1, 1, 1, 1, 1, 8, 1, 1, 1, 1, 1, 1, 1, 9, 1, 1, 1, 3, 1, 1, 1, 1, 1, 5, 1, 1, 1, 2, 1, 1, 1, 1, 11, 7, 1, 1, 4, 1, 1, 1, 1, 1, 13, 1, 1, 1, 3, 1, 1, 1, 1, 9, 1, 9, 1, 2, 1, 1, 2, 1, 12, 1, 9, 1, 1, 9, 1, 1, 1, 8, 1, 1, 1, 1, 8, 1, 1, 1, 1, 1, 1, 1, 1, 1, 1, 1, 1, 1, 1, 1, 1, 1, 4, 1, 1, 1, 3, 1, 1, 3, 1, 1, 1, 3, 1, 7, 1, 1, 2, 1, 3, 1, 13, 2, 10, 1, 3, 1, 1, 1, 9, 1, 4, 1, 1, 1, 11, 1, 1, 1, 1, 1, 7, 1, 1, 3, 1, 1, 1, 1, 1, 1, 6, 1, 8, 1, 1, 2, 1, 12, 1, 1, 1, 11, 12, 8, 1, 1, 1, 1, 11, 1, 1, 1, 3, 1, 1, 1, 1, 1, 1, 1, 1, 1, 1, 1, 1, 1, 5, 1, 1, 1, 1, 6, 1, 1, 3, 1, 1, 1, 7, 1, 1, 1, 6, 1, 1, 8, 1, 1, 1, 1, 1, 1, 1, 1, 9, 1, 1, 1, 1, 6, 1, 1, 1, 1, 1, 9, 1, 1, 1, 1, 1, 1, 10, 1, 1, 9, 1, 2, 1, 1, 1, 1, 7, 1, 1, 1, 5, 1, 3, 1, 1, 11, 1, 1, 1, 7, 1, 1, 1, 1, 1, 1, 1, 1, 10, 1, 1, 1, 2, 1, 1, 3, 1, 1, 8, 1, 1, 1, 1, 1, 1, 1, 3, 1, 1, 1, 1, 13, 1, 1, 1, 1, 1, 1, 1, 1, 1, 1, 1, 1, 6, 1, 8, 1, 1, 3, 1, 1, 3, 1, 8, 6, 1, 1, 1, 11, 1, 1, 1, 1, 1, 11, 1, 1, 1, 1, 3, 1, 1, 1, 1, 12, 1, 1, 9, 1, 1, 2, 5, 3, 1, 1, 2, 3, 1, 8, 4, 6, 1, 3, 1, 9, 6, 1, 4, 1, 5, 9, 1, 8, 1],
         "height":19,
         "name":"Tile Layer 1",
         "opacity":1,
         "type":"tilelayer",
         "visible":true,
         "width":25,
         "x":0,
         "y":0
        }, 
        {
         "data":[0, 0, 0, 0, 0, 0, 0, 0, 0, 0, 0, 0, 0, 0, 0, 0, 0, 0, 0, 0, 0, 0, 0, 0, 0, 0, 0, 0, 0, 0, 31, 0, 0, 0, 0, 0, 33, 0, 0, 0, 0, 29, 0, 0, 0, 0, 0, 33, 0, 0, 0, 0, 26, 0, 0, 0, 0, 0, 0, 0, 0, 0, 0, 0, 0, 0, 0, 0, 0, 33, 0, 0, 0, 0, 0, 0, 0, 0, 0, 0, 0, 0, 33, 0, 0, 0, 0, 0, 0, 0, 0, 0, 0, 0, 0, 0, 0, 0, 0, 0, 0, 0, 31, 0, 0, 0, 0, 0, 0, 0, 0, 33, 0, 26, 0, 0, 0, 0, 0, 0, 0, 0, 0, 33, 0, 0, 0, 0, 0, 0, 0, 0, 0, 27, 0, 0, 0, 0, 0, 0, 0, 0, 33, 0, 0, 0, 28, 0, 0, 0, 0, 0, 0, 0, 0, 0, 0, 0, 0, 0, 0, 0, 0, 0, 0, 0, 0, 0, 0, 0, 0, 0, 0, 0, 0, 29, 0, 0, 33, 0, 0, 0, 0, 0, 0, 0, 0, 0, 0, 0, 0, 0, 0, 0, 0, 0, 0, 0, 0, 0, 0, 0, 0, 0, 0, 29, 0, 0, 33, 0, 0, 31, 0, 0, 0, 33, 0, 0, 0, 0, 0, 0, 30, 0, 0, 0, 32, 0, 0, 0, 0, 0, 0, 0, 0, 0, 0, 0, 0, 0, 0, 0, 0, 26, 0, 0, 0, 0, 0, 0, 0, 0, 0, 0, 0, 0, 32, 0, 0, 0, 0, 0, 0, 0, 0, 0, 0, 0, 0, 0, 0, 0, 0, 0, 0, 0, 0, 0, 26, 0, 0, 0, 0, 0, 28, 0, 0, 0, 0, 30, 0, 0, 0, 0, 31, 0, 0, 0, 0, 0, 0, 0, 0, 0, 0, 0, 0, 0, 0, 0, 0, 0, 0, 0, 0, 0, 0, 0, 0, 0, 0, 0, 0, 0, 0, 0, 32, 0, 0, 0, 31, 0, 0, 0, 31, 0, 0, 0, 33, 0, 0, 0, 0, 0, 0, 0, 0, 32, 0, 0, 0, 0, 0, 0, 0, 0, 0, 0, 0, 0, 0, 0, 0, 0, 0, 0, 0, 0, 0, 0, 0, 0, 0, 0, 0, 27, 0, 0, 0, 0, 0, 0, 0, 0, 0, 0, 0, 26, 0, 0, 0, 0, 0, 27, 0, 0, 0, 0, 0, 0, 0, 0, 30, 0, 0, 0, 0, 0, 0, 33, 0, 0, 0, 0, 0, 0, 0, 0, 0, 0, 0, 32, 0, 0, 0, 0, 0, 0, 0, 0, 0, 28, 0, 0, 0, 0, 33, 0, 0, 31, 0, 0, 0, 0, 0, 0, 0, 0, 0, 0, 0, 0, 0, 0, 0, 0, 0, 0, 0, 0, 0, 0, 0, 0, 0, 0, 0, 0, 0, 0, 0, 0, 0, 0, 0],
         "height":19,
         "name":"Tile Layer 2",
         "opacity":1,
         "type":"tilelayer",
         "visible":true,
         "width":25,
         "x":0,
         "y":0
        }],
 "orientation":"orthogonal",
 "properties":
    {

    },
 "tileheight":32,
 "tilesets":[
        {
         "firstgid":1,
         "image":"ground_1x1.png",
         "imageheight":32,
         "imagewidth":800,
         "margin":0,
         "name":"ground_1x1",
         "properties":
            {

            },
         "spacing":0,
         "tileheight":32,
         "tilewidth":32
        }, 
        {
         "firstgid":26,
         "image":"walls_1x2.png",
         "imageheight":64,
         "imagewidth":256,
         "margin":0,
         "name":"walls_1x2",
         "properties":
            {

            },
         "spacing":0,
         "tileheight":64,
         "tilewidth":32
        }],
 "tilewidth":32,
 "version":1,
 "width":25
}